{"cameraMode":{"drawMode":0,"name":"Shaded","section":"Shading Mode"},"sceneLighting":true,"audioPlay":false,"sceneViewState":{"m_AlwaysRefresh":false,"showFog":true,"showSkybox":true,"showFlares":true,"showImageEffects":true,"showParticleSystems":true,"showVisualEffectGraphs":true,"m_FxEnabled":true},"in2DMode":false,"pivot":{"x":-20.751773834228517,"y":30.001052856445314,"z":28.624126434326173},"rotation":{"x":-0.21297496557235719,"y":-0.711373507976532,"z":0.24273622035980225,"w":-0.6242696046829224},"size":13.120244026184082,"orthographic":false}